{"cameraMode":{"drawMode":0,"name":"Shaded","section":"Shading Mode"},"sceneLighting":false,"audioPlay":false,"sceneViewState":{"m_AlwaysRefresh":false,"showFog":true,"showSkybox":false,"showFlares":true,"showImageEffects":true,"showParticleSystems":true,"showVisualEffectGraphs":true,"m_FxEnabled":true},"in2DMode":false,"pivot":{"x":-6.072778224945068,"y":2.9893407821655275,"z":11.569283485412598},"rotation":{"x":-0.07940604537725449,"y":-0.020637651905417444,"z":0.0017567775212228299,"w":-0.996723473072052},"size":4.200016975402832,"orthographic":false}