{"cameraMode":{"drawMode":0,"name":"Shaded","section":"Shading Mode"},"sceneLighting":false,"audioPlay":false,"sceneViewState":{"m_AlwaysRefresh":false,"showFog":true,"showSkybox":false,"showFlares":true,"showImageEffects":true,"showParticleSystems":true,"showVisualEffectGraphs":true,"m_FxEnabled":true},"in2DMode":false,"pivot":{"x":0.6956413984298706,"y":0.36144042015075686,"z":1.2807892560958863},"rotation":{"x":-0.32443052530288699,"y":0.6417211890220642,"z":-0.34526270627975466,"w":-0.6033212542533875},"size":0.8660253882408142,"orthographic":false}