{"cameraMode":{"drawMode":0,"name":"Shaded","section":"Shading Mode"},"sceneLighting":true,"audioPlay":false,"sceneViewState":{"m_AlwaysRefresh":false,"showFog":true,"showSkybox":true,"showFlares":true,"showImageEffects":true,"showParticleSystems":true,"showVisualEffectGraphs":true,"m_FxEnabled":true},"in2DMode":false,"pivot":{"x":5.116690635681152,"y":1.4897035360336304,"z":7.012091636657715},"rotation":{"x":-0.25502192974090578,"y":-0.03454701602458954,"z":0.009031795896589756,"w":-0.9664179682731628},"size":0.30001741647720339,"orthographic":false}