{"cameraMode":{"drawMode":0,"name":"Shaded","section":"Shading Mode"},"sceneLighting":false,"audioPlay":false,"sceneViewState":{"m_AlwaysRefresh":false,"showFog":true,"showSkybox":false,"showFlares":true,"showImageEffects":true,"showParticleSystems":true,"showVisualEffectGraphs":true,"m_FxEnabled":true},"in2DMode":false,"pivot":{"x":-2.4068410396575929,"y":-0.13681936264038087,"z":9.650944709777832},"rotation":{"x":-0.08263726532459259,"y":-0.25253215432167055,"z":0.021575123071670533,"w":-0.9639531970024109},"size":10.261455535888672,"orthographic":true}