{"cameraMode":{"drawMode":0,"name":"Shaded","section":"Shading Mode"},"sceneLighting":false,"audioPlay":false,"sceneViewState":{"m_AlwaysRefresh":false,"showFog":true,"showSkybox":false,"showFlares":true,"showImageEffects":true,"showParticleSystems":true,"showVisualEffectGraphs":true,"m_FxEnabled":true},"in2DMode":false,"pivot":{"x":-0.15848535299301148,"y":6.360874176025391,"z":8.29985237121582},"rotation":{"x":0.13390113413333894,"y":0.8428507447242737,"z":-0.24561835825443269,"w":0.45993125438690188},"size":0.3301009237766266,"orthographic":false}