{"cameraMode":{"drawMode":0,"name":"Shaded","section":"Shading Mode"},"sceneLighting":false,"audioPlay":false,"sceneViewState":{"m_AlwaysRefresh":false,"showFog":true,"showSkybox":false,"showFlares":true,"showImageEffects":true,"showParticleSystems":true,"showVisualEffectGraphs":true,"m_FxEnabled":true},"in2DMode":false,"pivot":{"x":14.659828186035157,"y":0.26871252059936526,"z":11.281417846679688},"rotation":{"x":0.16117502748966218,"y":0.7567296028137207,"z":-0.20340672135353089,"w":0.600166380405426},"size":4.5398759841918949,"orthographic":false}