{"cameraMode":{"drawMode":0,"name":"Shaded","section":"Shading Mode"},"sceneLighting":false,"audioPlay":false,"sceneViewState":{"m_AlwaysRefresh":false,"showFog":true,"showSkybox":false,"showFlares":true,"showImageEffects":true,"showParticleSystems":true,"showVisualEffectGraphs":true,"m_FxEnabled":true},"in2DMode":false,"pivot":{"x":-31.194046020507814,"y":4.360000133514404,"z":10.089590072631836},"rotation":{"x":-0.24639128148555757,"y":-0.6180187463760376,"z":0.21271052956581117,"w":-0.7158032059669495},"size":0.8660253882408142,"orthographic":true}